{"DataContractVersion":"1.0","DocumentTypes":[{"DocumentTypeId":"StructuredDocuments.HRForms.ReimbursementForm","Group":"Structured Documents","Category":"HR Forms","Name":"Reimbursement Form","OptionalUniqueIdentifier":null,"TypeField":{"FieldId":"StructuredDocuments.HRForms.ReimbursementForm.DocumentType","FieldName":"Document Type"},"Fields":[{"FieldId":"StructuredDocuments.HRForms.ReimbursementForm.Name","FieldName":"Name","IsMultiValue":false,"Type":"Text","DeriveFieldsFormat":"","Components":[],"SetValues":[]},{"FieldId":"StructuredDocuments.HRForms.ReimbursementForm.Address","FieldName":"Street","IsMultiValue":false,"Type":"Text","DeriveFieldsFormat":"","Components":[],"SetValues":[]},{"FieldId":"StructuredDocuments.HRForms.ReimbursementForm.City","FieldName":"City","IsMultiValue":false,"Type":"Text","DeriveFieldsFormat":"","Components":[],"SetValues":[]},{"FieldId":"StructuredDocuments.HRForms.ReimbursementForm.State","FieldName":"State","IsMultiValue":false,"Type":"Text","DeriveFieldsFormat":"","Components":[],"SetValues":[]},{"FieldId":"StructuredDocuments.HRForms.ReimbursementForm.ZIP","FieldName":"ZIP","IsMultiValue":false,"Type":"Text","DeriveFieldsFormat":"","Components":[],"SetValues":[]},{"FieldId":"StructuredDocuments.HRForms.ReimbursementForm.Reimbursements","FieldName":"Reimbursements","IsMultiValue":false,"Type":"Table","DeriveFieldsFormat":"","Components":[{"FieldId":"StructuredDocuments.HRForms.ReimbursementForm.Reimbursements.ExpenseDetail","FieldName":"Expense Detail","IsMultiValue":false,"Type":"Text","DeriveFieldsFormat":"","Components":[],"SetValues":[]},{"FieldId":"StructuredDocuments.HRForms.ReimbursementForm.Reimbursements.Amount","FieldName":"Amount","IsMultiValue":false,"Type":"Number","DeriveFieldsFormat":"","Components":[],"SetValues":[]}],"SetValues":[]},{"FieldId":"StructuredDocuments.HRForms.ReimbursementForm.TotalReimbursement","FieldName":"Total Reimbursement","IsMultiValue":false,"Type":"Number","DeriveFieldsFormat":"","Components":[],"SetValues":[]}]}],"Groups":[{"Name":"Structured Documents","Categories":["HR Forms"]}],"SupportedLanguages":[{"Name":"Undetermined Language","Code":"und"},{"Name":"Bulgarian","Code":"bul"},{"Name":"Cantonese","Code":"yue"},{"Name":"Danish","Code":"dan"},{"Name":"Dutch","Code":"nld"},{"Name":"English","Code":"eng"},{"Name":"French","Code":"fra"},{"Name":"Georgian","Code":"kat"},{"Name":"German","Code":"deu"},{"Name":"Greek","Code":"ell"},{"Name":"Hebrew","Code":"heb"},{"Name":"Hindi","Code":"hin"},{"Name":"Italian","Code":"ita"},{"Name":"Japanese","Code":"jpn"},{"Name":"Korean","Code":"kor"},{"Name":"Macedonian","Code":"mkd"},{"Name":"Mandarin","Code":"zho"},{"Name":"Marathi","Code":"mar"},{"Name":"Norwegian","Code":"nor"},{"Name":"Polish","Code":"pol"},{"Name":"Portuguese","Code":"por"},{"Name":"Romanian","Code":"ron"},{"Name":"Russian","Code":"rus"},{"Name":"Serbian","Code":"srp"},{"Name":"Spanish","Code":"spa"},{"Name":"Swedish","Code":"swe"},{"Name":"Telugu","Code":"tel"}]}